<?xml version="1.0" encoding="UTF-8"?>
<project-private xmlns="http://www.netbeans.org/ns/project-private/1">
    <editor-bookmarks xmlns="http://www.netbeans.org/ns/editor-bookmarks/2" lastBookmarkId="0"/>
    <open-files xmlns="http://www.netbeans.org/ns/projectui-open-files/2">
        <group>
            <file>file:/C:/Users/DELL/Downloads/Salary%20(2)/Salary/ElectronicManagementSystem/src/electronicmanagementsystem/Person.java</file>
            <file>file:/C:/Users/DELL/Downloads/Salary%20(2)/Salary/ElectronicManagementSystem/src/electronicmanagementsystem/AddNewCustomer.java</file>
            <file>file:/C:/Users/DELL/Downloads/Salary%20(2)/Salary/ElectronicManagementSystem/src/electronicmanagementsystem/EmployeeClass.java</file>
            <file>file:/C:/Users/DELL/Downloads/Salary%20(2)/Salary/ElectronicManagementSystem/src/electronicmanagementsystem/DBConnection.java</file>
            <file>file:/C:/Users/DELL/Downloads/Salary%20(2)/Salary/ElectronicManagementSystem/src/electronicmanagementsystem/AddDropOffDate.java</file>
            <file>file:/C:/Users/DELL/Downloads/Salary%20(2)/Salary/ElectronicManagementSystem/src/electronicmanagementsystem/viewCustomer.java</file>
            <file>file:/C:/Users/DELL/Downloads/Salary%20(2)/Salary/ElectronicManagementSystem/src/electronicmanagementsystem/viewsEmployee.java</file>
        </group>
    </open-files>
</project-private>
